<?xml version="1.0" encoding="UTF-8"?>
<!DOCTYPE suite SYSTEM "https://testng.org/testng-1.0.dtd">
<suite name="Suite">

<listeners>
<listener class-name="testCases.listeners"/>
</listeners>

 <test name="url1TestCases">
    <classes>
   
      <class name="testCases.url1TestCases"/>
    </classes>
  </test> <!-- Test -->
  <test name="url2TestCases">
    <classes>
   
      <class name="testCases.url2TestCases"/>
    </classes>
  </test> <!-- Test -->
</suite> <!-- Suite -->
